id,first_name,last_name,email,gender,ip_address
1,Stanford,Seatter,sseatter0@nymag.com,Male,213.84.219.190
2,Angelo,Ragles,aragles1@mail.ru,Male,134.49.128.45
3,Kylie,Haquin,khaquin2@tinyurl.com,Female,131.15.27.191
4,Friedrick,Spurden,fspurden3@ca.gov,Male,98.11.181.75
5,Amitie,Monument,amonument4@bing.com,Female,78.20.239.191
6,Shay,Benedict,sbenedict5@smh.com.au,Female,95.217.222.66
7,Sukey,Story,sstory6@tinyurl.com,Female,102.42.87.18
8,Jourdan,Firmin,jfirmin7@dagondesign.com,Female,3.63.197.19
9,Bob,Marlen,bmarlen8@reddit.com,Male,136.144.184.149
10,Sky,Morigan,smorigan9@google.ru,Male,90.165.50.3
11,Gabriello,Cummungs,gcummungsa@earthlink.net,Male,194.69.207.152
12,Kandace,Kleisel,kkleiselb@auda.org.au,Female,189.21.35.40
13,Letizia,Kelcey,lkelceyc@lycos.com,Female,100.216.175.255
14,Tamma,Glanders,tglandersd@psu.edu,Female,166.216.146.24
15,Solly,Dart,sdarte@feedburner.com,Male,3.0.101.16
16,Alonso,Daveran,adaveranf@dot.gov,Male,7.75.22.198
17,Gian,Howarth,ghowarthg@java.com,Male,75.130.79.70
18,Darb,Vanyukov,dvanyukovh@biglobe.ne.jp,Female,92.221.200.167
19,Sharla,Asaaf,sasaafi@wunderground.com,Female,200.159.5.223
20,Vince,Dominguez,vdominguezj@over-blog.com,Male,162.80.75.37
21,Sidnee,Ropkes,sropkesk@plala.or.jp,Male,20.61.34.156
22,Rickie,Momford,rmomfordl@e-recht24.de,Male,172.234.234.139
23,Neddy,Veque,nvequem@goo.ne.jp,Male,40.105.113.27
24,Melvin,Dinwoodie,mdinwoodien@nbcnews.com,Male,40.197.176.31
25,Stan,Fagan,sfagano@aboutads.info,Male,0.239.255.206
26,Antonin,Fuzzard,afuzzardp@scribd.com,Male,85.241.129.85
27,Chauncey,Bremner,cbremnerq@friendfeed.com,Male,209.127.55.62
28,Carmella,Ivons,civonsr@gravatar.com,Female,86.148.165.23
29,Elwood,Oloman,eolomans@marriott.com,Male,204.152.231.72
30,Auguste,Sharram,asharramt@gravatar.com,Female,30.79.169.187
31,Rachel,Sawtell,rsawtellu@google.ca,Female,122.108.61.103
32,Obidiah,Leeb,oleebv@so-net.ne.jp,Male,169.10.216.186
33,Davon,Ternault,dternaultw@gov.uk,Male,93.68.215.17
34,Wright,Peniman,wpenimanx@earthlink.net,Male,33.151.120.105
35,Glynn,Pendred,gpendredy@t-online.de,Male,8.250.151.22
36,Avrom,Bulley,abulleyz@latimes.com,Male,202.99.19.3
37,Valle,Kornas,vkornas10@sogou.com,Male,25.82.240.18
38,Lynde,Krzyzaniak,lkrzyzaniak11@blogspot.com,Female,237.139.69.189
39,Lorri,Mardy,lmardy12@mysql.com,Female,191.164.121.253
40,Gray,Haw,ghaw13@chronoengine.com,Male,45.154.155.245
41,Creigh,Tonepohl,ctonepohl14@amazon.de,Male,157.231.153.185
42,Pen,Bagwell,pbagwell15@tmall.com,Female,206.108.250.173
43,Concettina,Giraths,cgiraths16@cyberchimps.com,Female,231.163.46.67
44,Tomaso,Jerred,tjerred17@163.com,Male,251.5.137.87
45,Rayner,Pippin,rpippin18@jugem.jp,Male,216.103.58.50
46,Arleta,Lardier,alardier19@ox.ac.uk,Female,47.77.139.121
47,Chrissie,Taylour,ctaylour1a@gmpg.org,Female,182.207.108.169
48,Tully,Chadband,tchadband1b@comsenz.com,Male,85.182.93.37
49,Theobald,Riteley,triteley1c@sina.com.cn,Male,182.76.13.97
50,Magdalene,Awcock,mawcock1d@china.com.cn,Female,177.119.20.250
51,Flss,Guilford,fguilford1e@moonfruit.com,Female,139.39.0.182
52,Fritz,Scobie,fscobie1f@mac.com,Male,50.88.252.139
53,Allyce,Prince,aprince1g@wsj.com,Female,86.182.228.255
54,Gael,Setford,gsetford1h@taobao.com,Male,210.107.198.57
55,Jereme,Christer,jchrister1i@cocolog-nifty.com,Male,6.159.248.234
56,Adey,Koles,akoles1j@omniture.com,Female,244.97.115.175
57,Skelly,Hundey,shundey1k@scribd.com,Male,238.100.27.244
58,Ashleigh,Beamont,abeamont1l@virginia.edu,Female,192.121.241.122
59,Jacky,Ghirardi,jghirardi1m@prweb.com,Female,252.92.187.17
60,Lamar,Vernalls,lvernalls1n@histats.com,Male,63.146.161.249
61,Patrica,Gemmill,pgemmill1o@irs.gov,Female,99.214.48.135
62,Leone,Quadling,lquadling1p@discuz.net,Female,162.61.233.204
63,Stern,Treamayne,streamayne1q@addtoany.com,Male,195.20.168.133
64,Noelyn,Leathers,nleathers1r@eepurl.com,Female,215.239.128.144
65,Bianca,Janosevic,bjanosevic1s@spiegel.de,Female,92.168.33.184
66,Burch,Pettendrich,bpettendrich1t@elegantthemes.com,Male,7.246.75.244
67,Binky,Paynes,bpaynes1u@facebook.com,Male,144.180.120.53
68,Mathe,Fonteyne,mfonteyne1v@oracle.com,Male,63.41.55.123
69,Ethan,Lackner,elackner1w@themeforest.net,Male,22.176.43.129
70,Anya,Vaskov,avaskov1x@time.com,Female,142.232.60.113
71,Lexie,Terne,lterne1y@wix.com,Female,22.226.5.188
72,Hebert,Diffley,hdiffley1z@nyu.edu,Male,168.216.42.108
73,Valentino,Woodlands,vwoodlands20@dot.gov,Male,253.61.175.32
74,Franky,Franciskiewicz,ffranciskiewicz21@networksolutions.com,Male,169.26.22.227
75,Maisey,Dhillon,mdhillon22@addthis.com,Female,19.188.226.60
76,Arline,Mozzetti,amozzetti23@cisco.com,Female,173.252.165.177
77,Silas,Gerrens,sgerrens24@elegantthemes.com,Male,113.207.133.174
78,Rudolf,Buckham,rbuckham25@google.ru,Male,17.156.101.158
79,Carroll,Tegeller,ctegeller26@meetup.com,Male,82.117.205.41
80,Luca,Jowling,ljowling27@usda.gov,Male,217.217.213.244
81,Nial,Ousbie,nousbie28@vinaora.com,Male,96.30.31.235
82,Syman,Dallender,sdallender29@ebay.co.uk,Male,196.18.208.47
83,Von,Jacquemot,vjacquemot2a@bbc.co.uk,Male,2.254.161.4
84,Adriaens,Petrolli,apetrolli2b@columbia.edu,Female,94.111.3.201
85,Christiana,Stuchbury,cstuchbury2c@admin.ch,Female,125.152.211.252
86,Bret,Stodd,bstodd2d@instagram.com,Male,43.158.174.99
87,Dareen,Mabbs,dmabbs2e@hud.gov,Female,226.244.88.248
88,Benjamin,Jackalin,bjackalin2f@gov.uk,Male,79.13.89.7
89,Melisandra,Patrono,mpatrono2g@networkadvertising.org,Female,200.40.243.137
90,Whitney,Pallant,wpallant2h@opensource.org,Female,157.191.122.95
91,Lorianne,Hedan,lhedan2i@sciencedirect.com,Female,239.202.20.58
92,Donal,Widdicombe,dwiddicombe2j@macromedia.com,Male,237.16.31.147
93,Aubine,Novak,anovak2k@comcast.net,Female,211.116.68.135
94,Spenser,Dunstall,sdunstall2l@weebly.com,Male,180.16.253.62
95,Neal,Olivet,nolivet2m@mediafire.com,Male,11.39.191.84
96,Elvyn,Weblin,eweblin2n@dailymail.co.uk,Male,115.34.126.56
97,Gregory,O'Cleary,gocleary2o@disqus.com,Male,81.207.125.187
98,Yancy,Harrema,yharrema2p@flavors.me,Male,154.14.56.228
99,Benn,Labone,blabone2q@apple.com,Male,40.105.26.65
100,Elle,Dun,edun2r@angelfire.com,Female,191.17.50.56
101,Stanleigh,Heselwood,sheselwood2s@vinaora.com,Male,168.228.56.121
102,Amii,Kilkenny,akilkenny2t@php.net,Female,173.64.111.183
103,Edith,Burgott,eburgott2u@comcast.net,Female,228.228.149.175
104,Stepha,Asplin,sasplin2v@deviantart.com,Female,192.220.60.87
105,Marney,Gudahy,mgudahy2w@google.com,Female,157.56.252.201
106,Dietrich,Poure,dpoure2x@360.cn,Male,190.130.189.17
107,Kalinda,Andreone,kandreone2y@blogtalkradio.com,Female,51.77.124.10
108,Janetta,Thirsk,jthirsk2z@last.fm,Female,24.93.78.59
109,Coralyn,Diment,cdiment30@reverbnation.com,Female,77.60.208.143
110,Marlo,Jacob,mjacob31@google.co.uk,Male,39.247.89.237
111,Susann,Trobey,strobey32@yandex.ru,Female,128.184.31.224
112,Jorge,Elias,jelias33@yandex.ru,Male,103.66.210.77
113,Theda,Fenne,tfenne34@virginia.edu,Female,222.208.105.105
114,Belinda,McCrillis,bmccrillis35@lulu.com,Female,195.105.47.237
115,Vikki,Ciabatteri,vciabatteri36@themeforest.net,Female,54.71.91.183
116,Ashley,Hardcastle,ahardcastle37@hp.com,Male,22.131.241.235
117,Albrecht,Cutmare,acutmare38@eventbrite.com,Male,171.111.253.175
118,Kiele,Jeannenet,kjeannenet39@tmall.com,Female,64.243.162.167
119,Malissia,Larroway,mlarroway3a@nyu.edu,Female,134.76.177.157
120,Billy,Finney,bfinney3b@phpbb.com,Female,254.242.173.101
121,Eran,Russi,erussi3c@xrea.com,Female,106.185.83.23
122,Olivero,Vreiberg,ovreiberg3d@latimes.com,Male,125.127.151.116
123,Jaime,McWhinnie,jmcwhinnie3e@boston.com,Male,66.150.5.27
124,Nani,MacAughtrie,nmacaughtrie3f@army.mil,Female,65.182.172.122
125,Jarad,Senecaut,jsenecaut3g@cloudflare.com,Male,19.226.151.142
126,Randell,Forsdike,rforsdike3h@t.co,Male,91.172.240.18
127,Nerita,Damper,ndamper3i@ihg.com,Female,25.63.12.152
128,Isaac,Janicijevic,ijanicijevic3j@huffingtonpost.com,Male,93.1.132.131
129,Cortney,Windsor,cwindsor3k@netlog.com,Female,103.48.154.247
130,Brendon,Rayment,brayment3l@google.it,Male,32.17.248.68
131,Clarance,Robens,crobens3m@flavors.me,Male,17.108.144.181
132,Gill,Avieson,gavieson3n@phpbb.com,Male,185.98.154.18
133,Abrahan,Chedzoy,achedzoy3o@github.com,Male,80.35.136.155
134,Babbette,Hillam,bhillam3p@thetimes.co.uk,Female,29.174.55.56
135,Yankee,Schoroder,yschoroder3q@yellowpages.com,Male,226.112.213.222
136,Drusilla,Belli,dbelli3r@posterous.com,Female,184.144.173.18
137,Brenna,Enston,benston3s@kickstarter.com,Female,51.132.159.202
138,Darryl,St. John,dstjohn3t@blogger.com,Male,20.71.105.27
139,Al,Evered,aevered3u@mapquest.com,Male,29.49.156.10
140,Ameline,Smogur,asmogur3v@techcrunch.com,Female,180.187.144.102
141,Ivie,Slaght,islaght3w@ucoz.ru,Female,38.41.43.114
142,Shepherd,Gorthy,sgorthy3x@indiegogo.com,Male,30.149.39.145
143,Pen,Eatherton,peatherton3y@ftc.gov,Female,243.210.63.53
144,Marcie,Peepall,mpeepall3z@ca.gov,Female,11.241.114.14
145,Grady,Scales,gscales40@forbes.com,Male,124.184.212.15
146,Micky,Coverdale,mcoverdale41@imageshack.us,Male,96.180.32.210
147,Ulrica,Annell,uannell42@cocolog-nifty.com,Female,243.169.106.10
148,Fransisco,Fernez,ffernez43@sakura.ne.jp,Male,26.184.223.76
149,Riane,Dash,rdash44@mit.edu,Female,195.52.67.6
150,Whitney,Osban,wosban45@360.cn,Female,112.190.128.74
151,Dillon,Barlthrop,dbarlthrop46@miibeian.gov.cn,Male,215.76.9.87
152,Solomon,Firidolfi,sfiridolfi47@ebay.co.uk,Male,95.117.177.0
153,Alvinia,Sandyfirth,asandyfirth48@multiply.com,Female,29.10.167.221
154,Risa,Corbett,rcorbett49@sun.com,Female,27.166.35.168
155,Esme,Murrigan,emurrigan4a@multiply.com,Female,79.225.185.106
156,William,Roderham,wroderham4b@salon.com,Male,69.39.80.130
157,Anabella,Martusov,amartusov4c@furl.net,Female,20.15.82.39
158,Trixi,Franceschielli,tfranceschielli4d@joomla.org,Female,101.31.131.176
159,Cullie,Windaybank,cwindaybank4e@multiply.com,Male,180.149.130.174
160,Lothario,Bowering,lbowering4f@reuters.com,Male,150.229.235.43
161,Clemence,Perry,cperry4g@zimbio.com,Female,80.94.20.47
162,Sibeal,Attoe,sattoe4h@sphinn.com,Female,217.128.181.106
163,Reinold,Cheyney,rcheyney4i@wikimedia.org,Male,138.203.99.250
164,Yale,Clemo,yclemo4j@npr.org,Male,189.97.220.95
165,Bria,Belchambers,bbelchambers4k@de.vu,Female,194.119.86.14
166,Concettina,Allnutt,callnutt4l@google.cn,Female,221.192.38.153
167,Veronica,Harrold,vharrold4m@ow.ly,Female,250.42.105.117
168,Deck,Iorizzo,diorizzo4n@seesaa.net,Male,199.42.11.155
169,Evvie,Nobles,enobles4o@nba.com,Female,120.111.189.197
170,Dacie,Bramwich,dbramwich4p@china.com.cn,Female,207.153.207.133
171,Danell,Cattanach,dcattanach4q@toplist.cz,Female,177.164.116.57
172,Khalil,Biggans,kbiggans4r@utexas.edu,Male,94.179.21.193
173,Susanetta,Malyj,smalyj4s@tumblr.com,Female,52.84.121.1
174,Elbertine,Sate,esate4t@godaddy.com,Female,52.122.115.230
175,Adan,Helsby,ahelsby4u@ow.ly,Male,145.46.173.89
176,Weylin,Ellams,wellams4v@diigo.com,Male,66.70.58.121
177,Giselle,Mattiazzo,gmattiazzo4w@imageshack.us,Female,131.236.189.24
178,Mickie,McOmish,mmcomish4x@jiathis.com,Female,129.45.45.135
179,Bondie,Izatt,bizatt4y@nbcnews.com,Male,32.199.220.53
180,Sebastiano,Kennington,skennington4z@last.fm,Male,205.167.127.218
181,Hebert,Corney,hcorney50@mozilla.com,Male,252.241.176.55
182,Erma,Guidotti,eguidotti51@indiegogo.com,Female,253.192.131.27
183,Rianon,Heintz,rheintz52@plala.or.jp,Female,105.5.54.208
184,Zacharias,Allbon,zallbon53@reference.com,Male,198.102.197.7
185,Pietrek,Broadwood,pbroadwood54@surveymonkey.com,Male,161.202.198.254
186,Alika,Olliar,aolliar55@devhub.com,Female,130.129.103.16
187,Viviene,Yarrall,vyarrall56@nhs.uk,Female,112.202.18.13
188,Ernest,MacKnockiter,emacknockiter57@marriott.com,Male,80.41.130.115
189,Marlin,Castelli,mcastelli58@dagondesign.com,Male,95.20.234.50
190,Maryellen,Wigmore,mwigmore59@auda.org.au,Female,125.149.225.53
191,Rayna,Frill,rfrill5a@google.fr,Female,54.54.213.131
192,Borg,Upchurch,bupchurch5b@bandcamp.com,Male,240.239.240.199
193,Hardy,Wandless,hwandless5c@hatena.ne.jp,Male,20.162.245.109
194,Ryon,Toffolo,rtoffolo5d@weather.com,Male,51.148.226.208
195,Sergei,Gerson,sgerson5e@marketwatch.com,Male,141.50.141.146
196,Hayward,Moynham,hmoynham5f@icio.us,Male,19.178.95.235
197,Anatole,Rock,arock5g@bigcartel.com,Male,22.67.114.181
198,Taber,Brummell,tbrummell5h@un.org,Male,24.142.232.138
199,Arleta,Talton,atalton5i@live.com,Female,198.246.62.248
200,Georgiana,Bertl,gbertl5j@adobe.com,Female,147.59.142.74
201,Dorine,Iorns,diorns5k@bizjournals.com,Female,67.149.30.247
202,Jack,Miall,jmiall5l@ow.ly,Male,160.5.235.98
203,Gabriele,Grosvenor,ggrosvenor5m@fastcompany.com,Male,76.123.254.17
204,Bailie,Bomb,bbomb5n@twitpic.com,Male,33.39.216.57
205,Ardyth,Lamberton,alamberton5o@imdb.com,Female,251.210.198.52
206,Ingram,Bricksey,ibricksey5p@github.io,Male,152.53.118.170
207,Ali,Cumberpatch,acumberpatch5q@webnode.com,Female,16.18.88.36
208,Allison,Sheepy,asheepy5r@epa.gov,Female,63.7.155.210
209,Lance,Stannis,lstannis5s@jugem.jp,Male,208.144.109.18
210,Frieda,Jennings,fjennings5t@harvard.edu,Female,241.115.3.102
211,Dawn,Olanda,dolanda5u@multiply.com,Female,17.120.120.162
212,Jackelyn,Mongain,jmongain5v@youtu.be,Female,133.52.134.175
213,Jacques,Hawsby,jhawsby5w@list-manage.com,Male,222.18.125.163
214,Hiram,Snowden,hsnowden5x@squidoo.com,Male,203.123.248.64
215,Ranique,Sewall,rsewall5y@auda.org.au,Female,121.114.195.158
216,Shaylah,Shearme,sshearme5z@ezinearticles.com,Female,1.19.111.116
217,Stormi,Farman,sfarman60@army.mil,Female,86.219.86.229
218,Launce,Btham,lbtham61@comsenz.com,Male,93.237.69.134
219,Bronnie,Privost,bprivost62@loc.gov,Male,144.252.161.121
220,Marty,Goodby,mgoodby63@macromedia.com,Male,57.105.205.133
221,Abagail,Blagburn,ablagburn64@latimes.com,Female,200.222.211.91
222,Quinn,Bromley,qbromley65@artisteer.com,Male,124.246.131.216
223,Berkley,Gookey,bgookey66@stanford.edu,Male,218.82.32.43
224,Bennie,Chumley,bchumley67@zimbio.com,Male,65.78.200.50
225,Sibilla,Reddish,sreddish68@msu.edu,Female,176.63.104.4
226,Barbara-anne,Morson,bmorson69@ibm.com,Female,167.43.254.169
227,Kathryne,Ebsworth,kebsworth6a@symantec.com,Female,237.251.132.244
228,Avram,Blanshard,ablanshard6b@php.net,Male,185.209.165.62
229,Veronika,Skewis,vskewis6c@infoseek.co.jp,Female,106.188.235.69
230,Chandra,Swendell,cswendell6d@360.cn,Female,14.94.207.77
231,Lincoln,Klammt,lklammt6e@wiley.com,Male,126.203.11.18
232,Wanda,Barford,wbarford6f@engadget.com,Female,196.131.148.140
233,Doloritas,Moreby,dmoreby6g@newsvine.com,Female,129.223.144.6
234,Jarid,Veryard,jveryard6h@alibaba.com,Male,206.194.35.242
235,Aguste,Verni,averni6i@cocolog-nifty.com,Male,146.101.83.127
236,Jessee,Hoggan,jhoggan6j@goodreads.com,Male,58.173.157.35
237,Hodge,Oggers,hoggers6k@uol.com.br,Male,29.190.122.37
238,Casper,Lawrenz,clawrenz6l@cam.ac.uk,Male,49.253.225.113
239,Gerrilee,Bantock,gbantock6m@fastcompany.com,Female,73.66.173.19
240,Phyllys,Stripp,pstripp6n@tinypic.com,Female,159.240.124.43
241,Jaquith,Stimson,jstimson6o@lulu.com,Female,100.202.227.84
242,Bastien,Gostick,bgostick6p@free.fr,Male,102.138.0.55
243,Warner,Zecchini,wzecchini6q@nyu.edu,Male,47.7.246.63
244,Madelina,Byng,mbyng6r@illinois.edu,Female,156.177.142.204
245,Brok,Cawsy,bcawsy6s@amazon.de,Male,156.187.185.209
246,Law,Geerling,lgeerling6t@gizmodo.com,Male,153.181.157.234
247,Giselle,D'eathe,gdeathe6u@statcounter.com,Female,71.4.247.194
248,Morgan,Gurnay,mgurnay6v@freewebs.com,Male,252.200.186.125
249,Hillary,Dreschler,hdreschler6w@smh.com.au,Female,173.16.137.121
250,Fleming,Grimmett,fgrimmett6x@sohu.com,Male,133.129.106.56
251,Clemmy,Benoiton,cbenoiton6y@oakley.com,Female,38.56.224.167
252,Hanni,Portch,hportch6z@google.pl,Female,184.78.162.32
253,Onfre,Staniforth,ostaniforth70@a8.net,Male,161.195.163.49
254,Carmina,Farrant,cfarrant71@tuttocitta.it,Female,242.102.153.16
255,Hayyim,Fasler,hfasler72@desdev.cn,Male,254.10.196.81
256,Abagael,Bennough,abennough73@ucsd.edu,Female,105.184.194.133
257,Selig,Kenforth,skenforth74@netvibes.com,Male,26.68.5.165
258,Kent,Laughlin,klaughlin75@reuters.com,Male,166.202.229.3
259,Kori,Fruish,kfruish76@soundcloud.com,Female,171.123.85.113
260,Boniface,Allewell,ballewell77@blog.com,Male,199.173.24.217
261,Chrisy,Gullis,cgullis78@4shared.com,Male,35.157.196.115
262,Valene,Lynds,vlynds79@studiopress.com,Female,153.253.62.74
263,Caroljean,Molines,cmolines7a@stumbleupon.com,Female,248.226.186.44
264,Jaymee,Szubert,jszubert7b@buzzfeed.com,Female,34.71.101.208
265,Ibbie,Whitney,iwhitney7c@ted.com,Female,213.38.253.227
266,Darlleen,Overill,doverill7d@last.fm,Female,190.133.177.248
267,Johan,Buttress,jbuttress7e@jugem.jp,Male,234.97.167.234
268,Jany,Ridgway,jridgway7f@hao123.com,Female,102.213.42.135
269,Hewet,Grimsdith,hgrimsdith7g@tiny.cc,Male,106.23.88.30
270,Davin,Lowers,dlowers7h@un.org,Male,31.255.59.113
271,Pavia,Swine,pswine7i@reference.com,Female,138.120.88.8
272,Dinah,Harpur,dharpur7j@auda.org.au,Female,124.12.16.66
273,Alphard,Aggott,aaggott7k@myspace.com,Male,253.219.151.242
274,Wilma,Salery,wsalery7l@sphinn.com,Female,228.179.196.246
275,Eleni,Rotham,erotham7m@cdbaby.com,Female,86.100.254.174
276,Amata,Posselt,aposselt7n@tuttocitta.it,Female,151.231.127.182
277,Winthrop,Dank,wdank7o@theatlantic.com,Male,224.15.242.208
278,Datha,Alexandrescu,dalexandrescu7p@squidoo.com,Female,205.189.24.113
279,Karen,Johnigan,kjohnigan7q@businessweek.com,Female,16.113.73.65
280,Suzette,Blaker,sblaker7r@mlb.com,Female,233.118.53.78
281,Jacquette,Seldon,jseldon7s@creativecommons.org,Female,93.12.58.77
282,Eunice,Spittall,espittall7t@over-blog.com,Female,35.195.70.103
283,Suzy,Ganning,sganning7u@digg.com,Female,214.38.169.143
284,Lucina,Fardo,lfardo7v@symantec.com,Female,16.181.179.28
285,Taylor,Ravenshear,travenshear7w@google.com.au,Male,22.42.228.30
286,Noah,Tissiman,ntissiman7x@bandcamp.com,Male,194.194.178.165
287,Paton,Charteris,pcharteris7y@behance.net,Male,247.231.110.253
288,Willard,Solway,wsolway7z@furl.net,Male,54.173.56.207
289,Celinka,Spurgeon,cspurgeon80@seattletimes.com,Female,58.49.20.237
290,Addy,Tellenbach,atellenbach81@ebay.co.uk,Female,113.57.36.222
291,Kissie,Cutajar,kcutajar82@ezinearticles.com,Female,201.234.63.29
292,Dosi,Austins,daustins83@youtube.com,Female,28.184.141.126
293,Candida,Fraine,cfraine84@yolasite.com,Female,107.172.170.188
294,Dorolice,Leckenby,dleckenby85@intel.com,Female,180.252.105.126
295,Gael,Luipold,gluipold86@mysql.com,Male,186.192.225.40
296,Arlie,Terbrugge,aterbrugge87@rakuten.co.jp,Female,206.194.97.191
297,Hy,Cline,hcline88@studiopress.com,Male,110.252.57.120
298,Weylin,Iceton,wiceton89@businessweek.com,Male,201.130.17.154
299,Kimberley,Washington,kwashington8a@ovh.net,Female,100.117.170.248
300,Goran,Tripet,gtripet8b@springer.com,Male,53.91.42.106
301,Jan,Tardiff,jtardiff8c@surveymonkey.com,Male,132.93.125.249
302,Flynn,Garry,fgarry8d@etsy.com,Male,37.5.209.226
303,Shalom,Tailour,stailour8e@sbwire.com,Male,111.118.153.213
304,Cthrine,Coulter,ccoulter8f@behance.net,Female,224.221.172.170
305,Kerwinn,Follit,kfollit8g@livejournal.com,Male,192.245.129.100
306,Thadeus,Sharrock,tsharrock8h@ucsd.edu,Male,9.13.179.231
307,Ellary,Hunstone,ehunstone8i@indiegogo.com,Male,10.124.48.222
308,Kevan,Escalera,kescalera8j@list-manage.com,Male,88.73.252.42
309,Preston,Forcade,pforcade8k@ovh.net,Male,70.25.24.226
310,Samaria,Valenta,svalenta8l@phpbb.com,Female,17.109.158.208
311,Mahmud,Firks,mfirks8m@free.fr,Male,228.44.254.239
312,Ricky,Jukes,rjukes8n@ca.gov,Male,211.68.105.177
313,Aigneis,Aubrey,aaubrey8o@cbslocal.com,Female,117.18.81.206
314,Rickie,Tease,rtease8p@apache.org,Male,45.177.88.185
315,Kev,Moral,kmoral8q@cbslocal.com,Male,107.218.160.178
316,Elmira,Biesterfeld,ebiesterfeld8r@harvard.edu,Female,50.229.159.228
317,Viv,Danbye,vdanbye8s@sakura.ne.jp,Female,240.63.7.153
318,Regan,Riepl,rriepl8t@yale.edu,Female,169.112.220.242
319,Dominic,Cameron,dcameron8u@cbsnews.com,Male,224.19.71.186
320,Rockie,Issacson,rissacson8v@dedecms.com,Male,237.182.156.36
321,Hagen,Shergill,hshergill8w@istockphoto.com,Male,90.119.112.102
322,Winthrop,Drummer,wdrummer8x@cnbc.com,Male,117.8.254.19
323,Rik,Giacovelli,rgiacovelli8y@msu.edu,Male,194.81.55.116
324,Leonidas,Mobius,lmobius8z@europa.eu,Male,225.59.198.168
325,Curtis,Twinn,ctwinn90@eventbrite.com,Male,90.243.206.27
326,Agustin,Barbosa,abarbosa91@ox.ac.uk,Male,186.204.193.61
327,Rudyard,Nottle,rnottle92@flavors.me,Male,140.230.156.87
328,Nyssa,Frosch,nfrosch93@google.com,Female,226.236.111.172
329,Kathryn,Lean,klean94@boston.com,Female,19.210.151.191
330,Hyacinthie,Wynrahame,hwynrahame95@jigsy.com,Female,198.63.219.149
331,Baillie,Peinke,bpeinke96@google.com.br,Male,246.14.86.250
332,Cris,Jeannard,cjeannard97@scientificamerican.com,Male,214.32.188.129
333,Letti,Garner,lgarner98@pen.io,Female,224.84.222.56
334,Benedetta,Drance,bdrance99@businessweek.com,Female,35.82.21.45
335,Tana,Zanuciolii,tzanuciolii9a@nifty.com,Female,181.176.206.80
336,Roley,Barabisch,rbarabisch9b@illinois.edu,Male,54.156.252.226
337,Thadeus,Labusquiere,tlabusquiere9c@about.com,Male,111.29.107.186
338,Bertrando,Orteaux,borteaux9d@dailymotion.com,Male,244.191.130.44
339,Brittaney,Mariette,bmariette9e@hud.gov,Female,159.178.247.58
340,Taryn,Louder,tlouder9f@etsy.com,Female,2.115.148.140
341,Gan,Chauvey,gchauvey9g@theguardian.com,Male,3.99.223.29
342,Chiarra,Lannon,clannon9h@woothemes.com,Female,105.171.63.197
343,Floris,Stacy,fstacy9i@weebly.com,Female,59.22.143.238
344,Westbrooke,Gomez,wgomez9j@bing.com,Male,129.203.57.141
345,Alika,Knapman,aknapman9k@tinypic.com,Female,229.242.51.66
346,Veriee,Crosse,vcrosse9l@ed.gov,Female,218.75.53.158
347,North,Duggon,nduggon9m@vk.com,Male,227.221.147.89
348,Chrissy,Boobyer,cboobyer9n@engadget.com,Male,209.53.254.152
349,Jervis,Trees,jtrees9o@instagram.com,Male,239.94.251.114
350,Alex,Longmore,alongmore9p@nydailynews.com,Male,100.140.251.162
351,Woodrow,McGerr,wmcgerr9q@redcross.org,Male,39.226.235.88
352,Fraser,Marrow,fmarrow9r@typepad.com,Male,109.173.234.65
353,Aloysius,Commander,acommander9s@webs.com,Male,80.130.172.63
354,Amalita,Troop,atroop9t@tamu.edu,Female,131.103.86.226
355,Ignazio,Jessen,ijessen9u@zimbio.com,Male,3.80.58.194
356,Adrianna,Whatford,awhatford9v@infoseek.co.jp,Female,50.212.6.140
357,Rubetta,Allsworth,rallsworth9w@businesswire.com,Female,17.108.65.33
358,Sam,Longthorne,slongthorne9x@netlog.com,Male,64.181.158.92
359,Guenna,Yukhnev,gyukhnev9y@xrea.com,Female,204.56.69.158
360,Emilia,Berth,eberth9z@cbc.ca,Female,117.42.65.109
361,Caria,Storch,cstorcha0@pcworld.com,Female,108.144.183.12
362,Augustine,Habergham,ahaberghama1@addtoany.com,Female,234.205.174.189
363,Tan,Ferfulle,tferfullea2@wikipedia.org,Male,188.206.254.30
364,Jaime,Dodworth,jdodwortha3@chicagotribune.com,Male,25.8.59.90
365,Chaim,Marson,cmarsona4@symantec.com,Male,167.224.235.194
366,Coleman,Dives,cdivesa5@nature.com,Male,239.100.101.195
367,Christophe,Goldup,cgoldupa6@comcast.net,Male,200.69.169.213
368,Josi,Dyte,jdytea7@comcast.net,Female,94.112.118.163
369,Sissy,Pilling,spillinga8@columbia.edu,Female,83.81.3.52
370,Neila,Wookey,nwookeya9@twitpic.com,Female,3.220.211.203
371,Leroy,Elstob,lelstobaa@sfgate.com,Male,250.238.239.69
372,Elsbeth,Regelous,eregelousab@tiny.cc,Female,130.147.249.91
373,Bert,Choudhury,bchoudhuryac@devhub.com,Female,60.118.181.162
374,Packston,Seedhouse,pseedhousead@exblog.jp,Male,73.121.94.99
375,Karlyn,Ingle,kingleae@dyndns.org,Female,169.150.140.23
376,Barry,Allinson,ballinsonaf@engadget.com,Female,173.204.175.128
377,Rosco,Skayman,rskaymanag@wisc.edu,Male,229.29.127.91
378,Alia,Bartalucci,abartalucciah@apple.com,Female,61.97.132.73
379,Bryon,Casero,bcaseroai@comsenz.com,Male,190.233.2.128
380,Sadie,Forrestor,sforrestoraj@huffingtonpost.com,Female,150.37.126.80
381,Heinrick,Antoniottii,hantoniottiiak@narod.ru,Male,1.44.227.34
382,Philipa,Darrell,pdarrellal@hud.gov,Female,47.231.131.239
383,Arielle,Dudney,adudneyam@google.com.br,Female,224.19.62.141
384,Issie,Cousin,icousinan@businesswire.com,Female,246.238.95.232
385,Leeland,Neasam,lneasamao@examiner.com,Male,2.62.27.103
386,Jeanne,Fishpond,jfishpondap@army.mil,Female,201.98.88.136
387,Wendall,Tapin,wtapinaq@bigcartel.com,Male,173.119.75.160
388,Andriette,Dietmar,adietmarar@github.com,Female,68.167.112.137
389,Midge,Beyn,mbeynas@msu.edu,Female,197.95.172.241
390,Emmy,Peyzer,epeyzerat@phoca.cz,Male,141.53.158.123
391,Adrienne,Setterington,asetteringtonau@sourceforge.net,Female,61.179.63.236
392,Tildy,Pybworth,tpybworthav@mail.ru,Female,253.245.46.98
393,Regan,Graeme,rgraemeaw@washington.edu,Female,105.167.245.2
394,Fair,Birchall,fbirchallax@aol.com,Male,134.18.225.248
395,Yevette,Rackley,yrackleyay@adobe.com,Female,171.83.202.111
396,Mal,Leechman,mleechmanaz@ameblo.jp,Male,115.188.156.52
397,Hilary,Halcro,hhalcrob0@discuz.net,Male,200.91.223.48
398,Carlita,Bydaway,cbydawayb1@wikispaces.com,Female,120.34.243.218
399,Averil,Bryson,abrysonb2@discovery.com,Female,101.197.22.233
400,Oby,Eagar,oeagarb3@miitbeian.gov.cn,Male,232.67.75.92
401,Kleon,Robuchon,krobuchonb4@goo.gl,Male,65.245.186.159
402,Janka,Carter,jcarterb5@skype.com,Female,37.237.177.157
403,Conny,Mill,cmillb6@jiathis.com,Female,255.216.50.23
404,Ilene,Tarzey,itarzeyb7@plala.or.jp,Female,94.174.143.228
405,Guillermo,Levi,glevib8@hostgator.com,Male,48.56.47.13
406,Paula,Etienne,petienneb9@mit.edu,Female,141.200.70.233
407,Camellia,Attyeo,cattyeoba@webnode.com,Female,189.153.211.157
408,Meg,Kingaby,mkingabybb@netscape.com,Female,41.234.15.177
409,Lynsey,Swannack,lswannackbc@hhs.gov,Female,10.160.102.74
410,Padgett,Hurne,phurnebd@upenn.edu,Male,63.67.53.242
411,Livvy,Haresnape,lharesnapebe@gmpg.org,Female,213.8.203.37
412,Merola,Jerzak,mjerzakbf@washingtonpost.com,Female,33.145.73.42
413,Giorgio,Nicholson,gnicholsonbg@examiner.com,Male,119.120.110.94
414,Whit,Stephenson,wstephensonbh@mac.com,Male,36.229.145.54
415,Valentine,Alcalde,valcaldebi@qq.com,Female,180.44.71.143
416,Wallas,Lampel,wlampelbj@salon.com,Male,199.40.205.228
417,Andrea,Mabbs,amabbsbk@php.net,Female,36.207.251.171
418,Barry,des Remedios,bdesremediosbl@businessinsider.com,Female,31.67.219.13
419,Catlaina,Goomes,cgoomesbm@bluehost.com,Female,251.143.127.147
420,Skippie,de Keep,sdekeepbn@apache.org,Male,114.100.144.142
421,Faye,Lashley,flashleybo@umn.edu,Female,170.136.135.47
422,Janeva,Fulep,jfulepbp@about.me,Female,185.12.72.183
423,Ansel,Tomasian,atomasianbq@marketwatch.com,Male,150.57.64.83
424,Kirbie,Burnall,kburnallbr@ovh.net,Female,242.61.14.4
425,Roxine,Seckom,rseckombs@canalblog.com,Female,109.33.154.14
426,Zorah,Grossier,zgrossierbt@tripadvisor.com,Female,40.60.117.94
427,Morly,Doggrell,mdoggrellbu@skype.com,Male,219.164.87.48
428,Mehetabel,Aveline,mavelinebv@addtoany.com,Female,236.21.87.104
429,Donaugh,Pedrick,dpedrickbw@prnewswire.com,Male,234.119.51.168
430,Felicio,Grange,fgrangebx@nature.com,Male,249.27.160.82
431,Thorndike,Earengey,tearengeyby@goodreads.com,Male,23.149.69.185
432,Gael,Murby,gmurbybz@scribd.com,Male,3.105.95.116
433,Rey,Duddy,rduddyc0@spotify.com,Male,25.121.188.171
434,Serena,Lathom,slathomc1@hud.gov,Female,59.17.185.183
435,Merrily,Glidden,mgliddenc2@shop-pro.jp,Female,90.106.88.175
436,Gunter,Wagenen,gwagenenc3@berkeley.edu,Male,153.221.182.25
437,Mariette,Kienlein,mkienleinc4@google.com.hk,Female,254.176.168.8
438,Vivianne,Radford,vradfordc5@pen.io,Female,129.204.165.204
439,Filberto,Mylchreest,fmylchreestc6@mozilla.com,Male,143.105.80.244
440,Lilith,Deshorts,ldeshortsc7@friendfeed.com,Female,156.65.170.91
441,Blythe,Aldritt,baldrittc8@reuters.com,Female,31.230.229.73
442,Jaquelyn,Sharma,jsharmac9@qq.com,Female,198.44.140.168
443,Chancey,Coleyshaw,ccoleyshawca@chron.com,Male,150.179.47.29
444,Kathi,Beadham,kbeadhamcb@4shared.com,Female,157.34.38.95
445,Jorgan,Van de Castele,jvandecastelecc@craigslist.org,Male,68.2.91.47
446,Ilka,Helliwell,ihelliwellcd@domainmarket.com,Female,216.197.44.53
447,Kelila,Feild,kfeildce@trellian.com,Female,106.254.85.103
448,Leontine,Goering,lgoeringcf@cdc.gov,Female,107.76.225.255
449,Orville,Ditch,oditchcg@telegraph.co.uk,Male,230.64.19.200
450,Curt,Cavaney,ccavaneych@nymag.com,Male,218.185.106.73
451,Titos,De la Harpe,tdelaharpeci@pcworld.com,Male,39.87.127.76
452,Julianne,Roswarn,jroswarncj@businessweek.com,Female,0.41.216.127
453,Trent,Ranklin,tranklinck@sphinn.com,Male,202.205.186.222
454,Melina,Butland,mbutlandcl@de.vu,Female,238.176.50.75
455,Bathsheba,Plumbley,bplumbleycm@cloudflare.com,Female,135.148.123.11
456,Lindsy,Gutman,lgutmancn@chron.com,Female,214.201.119.130
457,Jerrine,Richardsson,jrichardssonco@multiply.com,Female,137.241.12.177
458,Town,Eggleton,teggletoncp@unblog.fr,Male,83.212.25.68
459,Euell,McKeggie,emckeggiecq@moonfruit.com,Male,197.227.73.229
460,Porter,Lux,pluxcr@abc.net.au,Male,35.19.10.194
461,Jed,Jakuszewski,jjakuszewskics@adobe.com,Male,214.78.240.188
462,Meara,Syde,msydect@thetimes.co.uk,Female,253.76.120.245
463,Willabella,Benham,wbenhamcu@angelfire.com,Female,136.162.141.50
464,Zechariah,Gallegos,zgallegoscv@vimeo.com,Male,68.70.17.59
465,Nataniel,Gidman,ngidmancw@t-online.de,Male,49.92.38.101
466,Virginie,Dahler,vdahlercx@diigo.com,Female,253.177.32.166
467,Mickie,Kenealy,mkenealycy@geocities.jp,Male,91.249.239.136
468,Myca,St Louis,mstlouiscz@liveinternet.ru,Male,4.81.155.110
469,Renae,Borrott,rborrottd0@examiner.com,Female,115.90.175.229
470,Maximo,Barus,mbarusd1@alexa.com,Male,144.244.6.223
471,Dav,Janota,djanotad2@blogtalkradio.com,Male,30.232.39.16
472,Cameron,Szubert,cszubertd3@miibeian.gov.cn,Male,22.221.196.50
473,Thornie,Bavidge,tbavidged4@google.ca,Male,241.184.111.139
474,Patrica,Paoletti,ppaolettid5@cam.ac.uk,Female,38.199.125.10
475,Toby,Preshous,tpreshousd6@cisco.com,Male,34.26.6.111
476,Burke,Mc Elory,bmceloryd7@buzzfeed.com,Male,46.196.44.47
477,Cherie,Labbett,clabbettd8@gizmodo.com,Female,251.43.141.9
478,Miran,Happer,mhapperd9@vinaora.com,Female,217.254.84.129
479,Alden,Southon,asouthonda@geocities.jp,Male,55.162.186.72
480,Derk,Hallewell,dhallewelldb@chron.com,Male,45.171.103.224
481,Timotheus,McElhargy,tmcelhargydc@myspace.com,Male,192.165.211.244
482,Thomasin,Hairs,thairsdd@guardian.co.uk,Female,162.63.174.43
483,Joshuah,Dyment,jdymentde@scribd.com,Male,49.173.21.0
484,Natassia,Steventon,nsteventondf@yahoo.com,Female,16.125.179.248
485,Rhianon,Farge,rfargedg@scribd.com,Female,204.135.43.136
486,Ernesto,Jouannin,ejouannindh@scientificamerican.com,Male,18.179.117.221
487,Elmo,Whartonby,ewhartonbydi@usa.gov,Male,224.106.103.96
488,Gerald,Matherson,gmathersondj@amazonaws.com,Male,117.57.117.220
489,Emera,Simson,esimsondk@reddit.com,Female,127.117.37.36
490,Batholomew,Van der Daal,bvanderdaaldl@slashdot.org,Male,74.94.192.191
491,Myrta,Florio,mfloriodm@infoseek.co.jp,Female,87.249.6.76
492,Aleda,Langford,alangforddn@yale.edu,Female,234.151.154.233
493,Cindy,Borrie,cborriedo@mashable.com,Female,83.16.106.87
494,Fay,O'Mahoney,fomahoneydp@accuweather.com,Female,213.53.224.106
495,Francesca,Szanto,fszantodq@vistaprint.com,Female,179.109.168.166
496,Thoma,Lidgley,tlidgleydr@de.vu,Male,185.84.198.184
497,Madlen,Jouanet,mjouanetds@chicagotribune.com,Female,180.109.114.1
498,Lucio,Denizet,ldenizetdt@vistaprint.com,Male,183.18.113.19
499,Loella,Esparza,lesparzadu@foxnews.com,Female,197.182.122.142
500,Coral,Cranson,ccransondv@google.es,Female,251.29.43.83
501,Tymothy,Linsay,tlinsaydw@diigo.com,Male,243.114.62.221
502,Law,Brimner,lbrimnerdx@reference.com,Male,216.147.162.8
503,Mart,Dugall,mdugalldy@soundcloud.com,Male,174.1.8.146
504,Whitby,Mewe,wmewedz@reuters.com,Male,153.64.73.213
505,Conchita,Mapother,cmapothere0@opensource.org,Female,255.24.42.137
506,Borg,Reary,brearye1@go.com,Male,75.230.167.224
507,Remy,Deveril,rdeverile2@slideshare.net,Female,173.81.81.41
508,Woody,Lassell,wlasselle3@elegantthemes.com,Male,189.158.67.93
509,Mitzi,Wichard,mwicharde4@deliciousdays.com,Female,68.172.156.228
510,Ambrosi,MacCardle,amaccardlee5@freewebs.com,Male,89.221.178.30
511,Yorgos,Guise,yguisee6@istockphoto.com,Male,220.25.118.74
512,Kathye,Boom,kboome7@ustream.tv,Female,130.243.116.79
513,Allison,Norridge,anorridgee8@ucoz.com,Female,184.164.144.56
514,Brietta,Luis,bluise9@youtube.com,Female,14.144.185.58
515,Patton,Cabotto,pcabottoea@goo.gl,Male,68.187.168.160
516,Nert,Hek,nhekeb@wsj.com,Female,211.69.56.52
517,Rafi,Jaquest,rjaquestec@simplemachines.org,Male,35.83.115.12
518,Hayyim,Mance,hmanceed@cnbc.com,Male,62.135.206.202
519,Simeon,Velte,svelteee@soup.io,Male,84.249.74.4
520,Kariotta,Cridland,kcridlandef@mlb.com,Female,251.13.226.71
521,Elvera,Ordidge,eordidgeeg@usnews.com,Female,213.242.113.152
522,Fernandina,Canet,fcaneteh@nbcnews.com,Female,250.11.139.180
523,Constantin,Wimpenny,cwimpennyei@sakura.ne.jp,Male,227.218.209.7
524,Fidela,Lachaize,flachaizeej@hostgator.com,Female,94.120.163.106
525,Ardith,Lord,alordek@ebay.com,Female,11.235.32.214
526,Carie,Kyteley,ckyteleyel@examiner.com,Female,213.18.182.76
527,Karoly,Widmoor,kwidmoorem@cisco.com,Male,103.8.156.234
528,Wallace,Papps,wpappsen@studiopress.com,Male,100.110.232.174
529,Britt,Shoorbrooke,bshoorbrookeeo@epa.gov,Male,245.197.155.146
530,Norby,Stow,nstowep@blogspot.com,Male,32.201.57.66
531,Krishna,Gerler,kgerlereq@baidu.com,Male,46.116.115.101
532,Row,Polley,rpolleyer@shop-pro.jp,Female,147.212.74.157
533,Irita,Blanckley,iblanckleyes@biglobe.ne.jp,Female,74.180.166.172
534,Leese,Miliffe,lmiliffeet@t.co,Female,58.35.186.12
535,Alice,Keast,akeasteu@bigcartel.com,Female,149.28.174.11
536,Natala,Giacomuzzo,ngiacomuzzoev@theatlantic.com,Female,231.92.249.247
537,Sanders,Leon,sleonew@nsw.gov.au,Male,148.117.36.168
538,Mollee,Dyter,mdyterex@w3.org,Female,210.144.69.181
539,Lucille,Roden,lrodeney@blog.com,Female,184.29.140.1
540,Alyson,Titchener,atitchenerez@nih.gov,Female,217.191.93.128
541,Smith,Mooney,smooneyf0@nsw.gov.au,Male,96.123.162.246
542,Yolanda,Askaw,yaskawf1@noaa.gov,Female,240.173.167.9
543,Suzi,Boother,sbootherf2@ted.com,Female,215.224.204.31
544,Kylen,Burberye,kburberyef3@comsenz.com,Female,229.161.120.230
545,Arri,Leftridge,aleftridgef4@mit.edu,Male,83.108.179.76
546,Michaeline,Clohisey,mclohiseyf5@t-online.de,Female,152.143.171.197
547,Ailey,Gruszecki,agruszeckif6@newsvine.com,Female,218.30.64.199
548,Maryellen,Sicily,msicilyf7@loc.gov,Female,204.95.103.132
549,Wilfrid,Oels,woelsf8@nytimes.com,Male,220.24.248.60
550,Corrie,Horrod,chorrodf9@umn.edu,Female,99.255.173.157
551,Emmalee,Breen,ebreenfa@theatlantic.com,Female,56.64.29.212
552,Celestyn,MacCardle,cmaccardlefb@flavors.me,Female,245.200.181.50
553,Arlana,Verbeke,averbekefc@aol.com,Female,133.110.249.165
554,Joela,Hatchell,jhatchellfd@goo.gl,Female,147.137.22.91
555,Mandie,Peidro,mpeidrofe@hubpages.com,Female,42.92.23.188
556,Maridel,Gauch,mgauchff@sciencedaily.com,Female,244.188.61.5
557,Dwayne,Deegan,ddeeganfg@virginia.edu,Male,227.83.2.132
558,Granny,Eddoes,geddoesfh@chronoengine.com,Male,67.8.241.92
559,Sterling,Branche,sbranchefi@google.ru,Male,98.166.214.220
560,Merilyn,Annand,mannandfj@webs.com,Female,93.129.82.21
561,Gusta,Wollaston,gwollastonfk@sogou.com,Female,102.222.194.53
562,Kendrick,Gauge,kgaugefl@addtoany.com,Male,239.202.245.246
563,Esteban,Flewin,eflewinfm@trellian.com,Male,216.88.38.193
564,Cosmo,Nathon,cnathonfn@state.gov,Male,76.85.154.223
565,Lisbeth,Olivera,loliverafo@istockphoto.com,Female,123.193.151.202
566,Aura,Swinnard,aswinnardfp@dion.ne.jp,Female,215.13.117.205
567,Lin,Pontefract,lpontefractfq@biglobe.ne.jp,Female,54.144.109.14
568,Caesar,Haggerston,chaggerstonfr@google.es,Male,229.54.61.148
569,Garrek,Cattemull,gcattemullfs@blogtalkradio.com,Male,99.182.56.167
570,Jeanine,Binstead,jbinsteadft@unblog.fr,Female,16.241.249.6
571,Amby,Bysshe,abysshefu@boston.com,Male,188.203.80.58
572,Doyle,Klaussen,dklaussenfv@newsvine.com,Male,188.129.221.54
573,Wallis,Gosneye,wgosneyefw@seattletimes.com,Male,17.0.21.20
574,Nicolas,Stearn,nstearnfx@privacy.gov.au,Male,155.24.219.112
575,Elianora,Fairn,efairnfy@hao123.com,Female,18.133.155.207
576,Hendrick,Mahoney,hmahoneyfz@yolasite.com,Male,56.193.53.227
577,Karlene,Bonde,kbondeg0@cafepress.com,Female,194.102.47.50
578,Gabrila,Tandey,gtandeyg1@foxnews.com,Female,3.104.46.158
579,Alanna,Kemmis,akemmisg2@dailymotion.com,Female,86.202.63.137
580,Geoffrey,Pickford,gpickfordg3@people.com.cn,Male,191.191.251.37
581,Burtie,Waddam,bwaddamg4@aboutads.info,Male,29.30.126.114
582,Stanley,Kilkenny,skilkennyg5@youku.com,Male,50.69.49.196
583,Lelia,Mottram,lmottramg6@cargocollective.com,Female,202.89.15.209
584,Anallese,MacNucator,amacnucatorg7@japanpost.jp,Female,207.108.55.190
585,Derk,Cattach,dcattachg8@china.com.cn,Male,95.60.82.22
586,Brendin,Gatch,bgatchg9@jimdo.com,Male,252.51.19.41
587,Ruben,Meadley,rmeadleyga@last.fm,Male,210.248.72.214
588,Darcie,Muldrew,dmuldrewgb@princeton.edu,Female,93.98.14.239
589,Gracie,Kenrat,gkenratgc@statcounter.com,Female,157.237.79.110
590,Odille,Philippard,ophilippardgd@free.fr,Female,7.83.2.85
591,Joete,Caselick,jcaselickge@businesswire.com,Female,160.115.177.86
592,Geralda,Bezzant,gbezzantgf@privacy.gov.au,Female,5.169.224.18
593,Willi,Luckman,wluckmangg@hubpages.com,Male,156.158.7.87
594,Roderic,Barense,rbarensegh@comcast.net,Male,155.220.21.23
595,Bud,Whitten,bwhittengi@xinhuanet.com,Male,89.251.31.231
596,Dona,Greenhough,dgreenhoughgj@nationalgeographic.com,Female,43.61.110.56
597,Colleen,Gush,cgushgk@odnoklassniki.ru,Female,199.128.123.149
598,Maureen,Ings,mingsgl@a8.net,Female,157.57.24.160
599,Wyatt,Mussard,wmussardgm@businessinsider.com,Male,55.97.80.91
600,Arly,McGinlay,amcginlaygn@deliciousdays.com,Female,67.81.44.172
601,Lib,Lawrence,llawrencego@paginegialle.it,Female,182.248.172.123
602,Leodora,Peiser,lpeisergp@bloglines.com,Female,168.147.183.34
603,Zia,Fitzroy,zfitzroygq@devhub.com,Female,29.119.75.241
604,Jeff,Botley,jbotleygr@earthlink.net,Male,58.198.55.124
605,Darrell,Darke,ddarkegs@yahoo.co.jp,Male,146.153.204.110
606,Quentin,Stringer,qstringergt@patch.com,Male,223.251.49.210
607,Korella,Culshaw,kculshawgu@wordpress.com,Female,108.188.239.194
608,Griz,Bundey,gbundeygv@wordpress.com,Male,120.113.131.199
609,Renaud,Davidovitch,rdavidovitchgw@abc.net.au,Male,100.209.192.145
610,Dolly,Gruszecki,dgruszeckigx@samsung.com,Female,29.77.106.239
611,Fletch,Spadoni,fspadonigy@desdev.cn,Male,36.155.110.240
612,Nick,Tuther,ntuthergz@toplist.cz,Male,179.82.127.76
613,Lamar,Reye,lreyeh0@quantcast.com,Male,232.175.123.147
614,Otis,Torry,otorryh1@addtoany.com,Male,222.161.157.166
615,Port,Barzen,pbarzenh2@webmd.com,Male,187.227.58.6
616,Selia,Fonzo,sfonzoh3@oaic.gov.au,Female,139.55.213.226
617,Jefferson,Crawshaw,jcrawshawh4@twitpic.com,Male,247.43.169.55
618,Osbourne,Mardlin,omardlinh5@slideshare.net,Male,209.81.73.79
619,Dotty,MacCaghan,dmaccaghanh6@furl.net,Female,209.0.190.191
620,Wynn,Varley,wvarleyh7@cargocollective.com,Male,246.248.94.49
621,Warden,Manuele,wmanueleh8@house.gov,Male,145.177.143.31
622,Ron,Helks,rhelksh9@psu.edu,Male,32.168.47.236
623,Whit,Pimbley,wpimbleyha@sourceforge.net,Male,142.24.63.191
624,Duffie,Leall,dleallhb@hubpages.com,Male,240.116.75.200
625,Shawn,Crookshanks,scrookshankshc@admin.ch,Female,247.9.88.32
626,Cally,Climson,cclimsonhd@mediafire.com,Female,254.173.138.88
627,Carlin,Dionisetto,cdionisettohe@discuz.net,Male,83.181.66.187
628,Art,Etheridge,aetheridgehf@usatoday.com,Male,216.59.3.165
629,Steffie,Graine,sgrainehg@gizmodo.com,Female,30.63.184.9
630,Olin,Iamittii,oiamittiihh@google.co.jp,Male,98.138.50.149
631,Geordie,Bedminster,gbedminsterhi@blog.com,Male,30.36.149.32
632,Tyler,Turney,tturneyhj@ucsd.edu,Male,128.96.139.39
633,Odelia,Luety,oluetyhk@mapquest.com,Female,149.3.35.128
634,Chet,Thackeray,cthackerayhl@tinypic.com,Male,2.18.253.28
635,Bastien,Follit,bfollithm@multiply.com,Male,153.212.33.84
636,Amery,McRae,amcraehn@goo.gl,Male,194.29.187.203
637,Yancey,Tulk,ytulkho@clickbank.net,Male,33.197.2.99
638,Hadley,Gillinghams,hgillinghamshp@arstechnica.com,Male,46.28.105.225
639,Dall,Brookshaw,dbrookshawhq@reverbnation.com,Male,228.127.215.221
640,Karlee,Cholonin,kcholoninhr@fotki.com,Female,109.171.92.65
641,Helaina,Wisdish,hwisdishhs@hp.com,Female,123.93.116.177
642,Fonzie,Godding,fgoddinght@1688.com,Male,175.12.170.217
643,Maxie,Hartas,mhartashu@wsj.com,Female,254.157.38.133
644,Stephanus,Walklett,swalkletthv@usnews.com,Male,111.55.178.235
645,Anestassia,Di Giorgio,adigiorgiohw@51.la,Female,167.21.179.188
646,Cheslie,Bick,cbickhx@sohu.com,Female,212.167.119.218
647,Bancroft,Ruoff,bruoffhy@paginegialle.it,Male,177.190.45.18
648,Orbadiah,Keenor,okeenorhz@yandex.ru,Male,230.134.9.50
649,Haskell,Johnes,hjohnesi0@smugmug.com,Male,161.72.85.175
650,Lizbeth,Meikle,lmeiklei1@dropbox.com,Female,208.205.124.147
651,Tamiko,Ast,tasti2@globo.com,Female,180.132.82.225
652,Ericha,Frost,efrosti3@tiny.cc,Female,45.25.37.22
653,Rossy,Arias,rariasi4@printfriendly.com,Male,192.15.70.144
654,Rhody,Sallans,rsallansi5@sphinn.com,Female,41.149.0.46
655,Erena,Kemell,ekemelli6@home.pl,Female,136.46.94.166
656,Michaela,Peter,mpeteri7@tumblr.com,Female,247.175.129.255
657,Janka,Theobold,jtheoboldi8@washington.edu,Female,0.80.127.123
658,Anatola,Rickford,arickfordi9@ucla.edu,Female,34.157.55.214
659,Roldan,Kyme,rkymeia@baidu.com,Male,67.73.28.210
660,Harli,Gislebert,hgislebertib@diigo.com,Female,215.230.250.103
661,Ericha,Cochern,ecochernic@japanpost.jp,Female,4.127.40.217
662,Carr,Dartnell,cdartnellid@ftc.gov,Male,134.76.128.194
663,Bradly,Dillway,bdillwayie@indiatimes.com,Male,9.41.208.161
664,Henka,Limeburn,hlimeburnif@wisc.edu,Female,212.9.218.252
665,Bartolemo,Goldhawk,bgoldhawkig@wordpress.org,Male,219.20.155.119
666,Chicky,Gumbrell,cgumbrellih@oakley.com,Male,3.7.86.215
667,Georg,Romaines,gromainesii@last.fm,Male,100.129.100.135
668,Nico,Chucks,nchucksij@msn.com,Male,118.149.82.167
669,Reed,Ponsford,rponsfordik@is.gd,Male,191.57.167.178
670,Rodina,Maeer,rmaeeril@berkeley.edu,Female,53.97.219.95
671,Sigrid,Moore,smooreim@oaic.gov.au,Female,230.228.243.25
672,Godwin,Housbie,ghousbiein@pcworld.com,Male,130.5.81.30
673,Billy,Van Der Straaten,bvanderstraatenio@hostgator.com,Female,169.39.41.62
674,Marc,Wilacot,mwilacotip@geocities.jp,Male,169.198.169.60
675,Stan,Kivits,skivitsiq@clickbank.net,Male,226.35.248.243
676,Neill,Degoey,ndegoeyir@dailymotion.com,Male,196.232.100.222
677,Myrta,Durie,mdurieis@delicious.com,Female,251.185.110.199
678,Patricia,Everist,peveristit@topsy.com,Female,213.116.149.252
679,Saraann,Sadler,ssadleriu@disqus.com,Female,154.156.163.238
680,Marin,Collyns,mcollynsiv@flickr.com,Female,144.199.113.69
681,Adeline,Rysom,arysomiw@tuttocitta.it,Female,117.62.205.28
682,Wright,Skells,wskellsix@artisteer.com,Male,152.9.0.234
683,Leone,Mathissen,lmathisseniy@instagram.com,Female,169.169.161.176
684,Junette,Khan,jkhaniz@networkadvertising.org,Female,89.166.129.39
685,Lily,Surguine,lsurguinej0@bloglovin.com,Female,24.255.30.153
686,Colleen,Koppeck,ckoppeckj1@imgur.com,Female,149.14.250.98
687,Cynthie,Woodger,cwoodgerj2@nymag.com,Female,4.208.148.116
688,Bobby,Skerman,bskermanj3@wiley.com,Male,92.170.240.216
689,Gwyneth,Shew,gshewj4@hud.gov,Female,91.101.43.150
690,Genvieve,Andrioli,gandriolij5@aol.com,Female,179.227.207.143
691,Maximilien,Tabourier,mtabourierj6@nydailynews.com,Male,184.199.96.60
692,Calida,Huskisson,chuskissonj7@oracle.com,Female,153.198.122.115
693,Jennica,Petlyura,jpetlyuraj8@theatlantic.com,Female,94.31.161.63
694,Martie,Gwillym,mgwillymj9@pen.io,Male,65.195.18.223
695,Katerina,Gumery,kgumeryja@dell.com,Female,246.152.18.132
696,Albertine,Prestner,aprestnerjb@slashdot.org,Female,56.49.235.220
697,Duane,Fogg,dfoggjc@youku.com,Male,183.236.32.24
698,Hartwell,Elby,helbyjd@exblog.jp,Male,29.191.40.227
699,Kile,Went,kwentje@thetimes.co.uk,Male,58.113.216.252
700,Prinz,Lempel,plempeljf@blinklist.com,Male,108.0.254.66
701,Nanine,Lansly,nlanslyjg@who.int,Female,106.167.98.122
702,Dylan,Drysdall,ddrysdalljh@over-blog.com,Male,151.227.139.108
703,Garner,Carson,gcarsonji@home.pl,Male,42.182.202.111
704,Vikky,McKerron,vmckerronjj@newsvine.com,Female,21.45.109.101
705,Morgun,Blakelock,mblakelockjk@google.com,Male,219.29.23.177
706,Felisha,Seeking,fseekingjl@stanford.edu,Female,97.92.215.174
707,Ignacius,Ashbolt,iashboltjm@newsvine.com,Male,174.52.215.148
708,Emilia,Melanaphy,emelanaphyjn@pcworld.com,Female,74.61.179.59
709,Kit,Russam,krussamjo@odnoklassniki.ru,Female,200.25.99.253
710,Jase,Venmore,jvenmorejp@4shared.com,Male,186.113.160.64
711,Aridatha,Monteith,amonteithjq@oracle.com,Female,172.15.95.157
712,Saba,Frankcombe,sfrankcombejr@weather.com,Female,237.190.172.74
713,Lane,Bernardinelli,lbernardinellijs@ftc.gov,Female,220.76.192.67
714,Cletis,Scardifeild,cscardifeildjt@dedecms.com,Male,68.192.234.174
715,Fielding,Krystek,fkrystekju@tripod.com,Male,205.38.240.54
716,Raimund,Snape,rsnapejv@umn.edu,Male,134.199.236.138
717,Fabe,O'Loughlin,foloughlinjw@tiny.cc,Male,157.186.228.12
718,Shanon,Greenin,sgreeninjx@twitpic.com,Female,85.130.158.190
719,Celestyn,Burgum,cburgumjy@meetup.com,Female,18.220.43.0
720,Fulvia,Hughman,fhughmanjz@who.int,Female,194.159.216.205
721,Sherri,Shovel,sshovelk0@twitpic.com,Female,210.33.177.206
722,Ainsley,Pridie,apridiek1@pbs.org,Female,142.203.211.198
723,Sapphira,Grinaugh,sgrinaughk2@hugedomains.com,Female,251.34.180.168
724,Kipper,Grabham,kgrabhamk3@wikimedia.org,Male,140.179.59.195
725,Natalie,Farady,nfaradyk4@addtoany.com,Female,115.81.148.72
726,Archie,Rowen,arowenk5@infoseek.co.jp,Male,180.193.81.63
727,Solly,MacGorley,smacgorleyk6@soundcloud.com,Male,215.69.147.31
728,Gaynor,Ikins,gikinsk7@cafepress.com,Female,234.187.212.88
729,Madlin,MacSkeaghan,mmacskeaghank8@google.com,Female,206.36.58.246
730,Kinsley,Danzig,kdanzigk9@example.com,Male,179.234.233.165
731,Florette,Dagwell,fdagwellka@state.tx.us,Female,1.77.243.252
732,Kitti,Butt Gow,kbuttgowkb@myspace.com,Female,87.66.166.68
733,Orran,Jordison,ojordisonkc@hubpages.com,Male,48.253.240.109
734,Berrie,Agget,baggetkd@cam.ac.uk,Female,241.143.185.225
735,Stephani,Kitchin,skitchinke@google.co.jp,Female,170.72.81.191
736,Cassaundra,Workes,cworkeskf@printfriendly.com,Female,3.88.105.238
737,Felice,Traill,ftraillkg@canalblog.com,Male,37.240.95.76
738,Rockey,Boot,rbootkh@feedburner.com,Male,20.180.79.165
739,Butch,Fargie,bfargieki@cbslocal.com,Male,68.59.221.241
740,Trent,Waldocke,twaldockekj@google.co.uk,Male,105.59.221.5
741,Audie,Grzegorzewski,agrzegorzewskikk@youku.com,Female,103.8.119.246
742,Quintin,Matovic,qmatovickl@cam.ac.uk,Male,84.208.138.218
743,Stanislas,McGeffen,smcgeffenkm@qq.com,Male,14.28.231.214
744,Aidan,Ayris,aayriskn@wikimedia.org,Female,32.159.56.64
745,Patricio,Bourner,pbournerko@artisteer.com,Male,197.29.67.50
746,Ralph,Bagnall,rbagnallkp@ebay.com,Male,15.123.189.55
747,Brice,Rickesies,brickesieskq@stanford.edu,Male,127.210.244.164
748,Duane,Santen,dsantenkr@businessinsider.com,Male,215.72.58.174
749,Hannis,Willshere,hwillshereks@bigcartel.com,Female,235.208.42.124
750,Viviana,Blackmoor,vblackmoorkt@tamu.edu,Female,4.65.73.184
751,Tony,Tettersell,ttettersellku@blogs.com,Male,244.50.80.60
752,Tuckie,Batrick,tbatrickkv@tripadvisor.com,Male,222.60.231.242
753,Harriett,Astman,hastmankw@washingtonpost.com,Female,105.128.127.217
754,Mathe,Gaunson,mgaunsonkx@yellowbook.com,Male,9.230.156.227
755,Sam,Urian,surianky@fema.gov,Female,179.228.34.128
756,Afton,Penna,apennakz@spotify.com,Female,153.158.140.148
757,Steve,Wharram,swharraml0@domainmarket.com,Male,109.149.229.234
758,Jorgan,Greenroyd,jgreenroydl1@mac.com,Male,56.73.100.126
759,Wolf,Bierton,wbiertonl2@businesswire.com,Male,115.50.222.10
760,Hasheem,Skitral,hskitrall3@alibaba.com,Male,227.165.244.47
761,Marna,Bangiard,mbangiardl4@spiegel.de,Female,40.216.11.149
762,Shalna,Algy,salgyl5@bloglines.com,Female,204.180.178.212
763,Silvain,Lebell,slebelll6@amazon.co.uk,Male,74.54.184.2
764,Harlin,Epinay,hepinayl7@oracle.com,Male,36.88.191.28
765,Uriel,McAughtrie,umcaughtriel8@newsvine.com,Male,101.97.96.159
766,Deloria,Minister,dministerl9@liveinternet.ru,Female,53.41.243.29
767,Rachele,Pirt,rpirtla@globo.com,Female,175.153.86.226
768,Eberto,Monckman,emonckmanlb@rambler.ru,Male,96.254.61.160
769,Lia,Beed,lbeedlc@amazon.com,Female,194.88.10.250
770,Madelaine,Von Welldun,mvonwelldunld@dagondesign.com,Female,69.195.89.109
771,Chantalle,Ablitt,cablittle@about.com,Female,227.110.79.71
772,Clem,Ivamy,civamylf@state.tx.us,Female,59.49.128.151
773,Anders,Boutton,abouttonlg@eepurl.com,Male,98.132.42.95
774,Myrtle,Brolly,mbrollylh@ovh.net,Female,95.117.148.119
775,Gabriell,Girvin,ggirvinli@tripod.com,Female,225.45.248.208
776,Olivero,Close,ocloselj@mapquest.com,Male,251.45.128.6
777,Derry,Chong,dchonglk@reddit.com,Male,172.116.78.82
778,Tallie,Mitkin,tmitkinll@taobao.com,Male,37.2.26.231
779,Nessy,Rosenfield,nrosenfieldlm@japanpost.jp,Female,195.248.186.79
780,Farley,Castelijn,fcastelijnln@mozilla.org,Male,46.26.81.254
781,Bealle,Pott,bpottlo@mlb.com,Male,143.217.152.154
782,Michaella,Mercik,mmerciklp@bloomberg.com,Female,145.163.35.28
783,Gilberte,McGrirl,gmcgrirllq@istockphoto.com,Female,24.219.143.46
784,Hayyim,Ommundsen,hommundsenlr@phpbb.com,Male,60.202.108.167
785,Robert,Bexley,rbexleyls@so-net.ne.jp,Male,101.108.158.51
786,Pattin,Poxson,ppoxsonlt@shop-pro.jp,Male,222.129.208.86
787,Louisa,Dundridge,ldundridgelu@dell.com,Female,72.127.157.120
788,Gene,Gottschalk,ggottschalklv@posterous.com,Male,174.183.91.218
789,Barron,Sigg,bsigglw@uiuc.edu,Male,242.177.14.215
790,Nerissa,Livsey,nlivseylx@uol.com.br,Female,44.104.147.158
791,Jacquenetta,Darlaston,jdarlastonly@homestead.com,Female,131.188.40.57
792,Tiffi,Dhennin,tdhenninlz@skype.com,Female,111.120.187.235
793,Fancy,Tearny,ftearnym0@yellowpages.com,Female,142.140.10.249
794,Drusilla,Coils,dcoilsm1@google.com,Female,236.87.75.26
795,Othilie,Falck,ofalckm2@mail.ru,Female,22.249.100.246
796,James,Dankersley,jdankersleym3@comcast.net,Male,123.21.63.138
797,Husain,Hotson,hhotsonm4@opera.com,Male,209.119.182.55
798,Filmer,Eccleshare,fecclesharem5@geocities.com,Male,74.116.20.138
799,Giana,Finnan,gfinnanm6@gov.uk,Female,45.172.239.172
800,Janessa,Wolstenholme,jwolstenholmem7@apache.org,Female,210.178.205.16
801,Kirbee,Bruneau,kbruneaum8@dropbox.com,Female,44.227.194.160
802,Hasty,Imrie,himriem9@parallels.com,Male,193.200.83.220
803,Latia,Helks,lhelksma@t.co,Female,103.105.201.18
804,Brigid,Rossiter,brossitermb@google.com,Female,146.151.72.46
805,Vaughn,Bassilashvili,vbassilashvilimc@wikispaces.com,Male,11.72.86.153
806,Yasmin,Lillicrop,ylillicropmd@liveinternet.ru,Female,174.195.162.157
807,Corri,Verrills,cverrillsme@mashable.com,Female,214.16.198.169
808,Isahella,Dunbobbin,idunbobbinmf@businessweek.com,Female,58.193.177.47
809,Mariele,Pothergill,mpothergillmg@bandcamp.com,Female,150.235.86.127
810,Wilfrid,Pittle,wpittlemh@lycos.com,Male,48.66.203.225
811,Shaine,Jarvie,sjarviemi@cnet.com,Female,233.52.62.203
812,Luelle,Algar,lalgarmj@vkontakte.ru,Female,63.251.247.66
813,Charlena,Burgis,cburgismk@altervista.org,Female,120.204.50.133
814,Alayne,Wintringham,awintringhamml@scientificamerican.com,Female,39.207.213.12
815,Aldridge,Torri,atorrimm@zdnet.com,Male,54.179.17.19
816,Stacie,McLucky,smcluckymn@bbc.co.uk,Female,132.234.9.78
817,Cheryl,Thecham,cthechammo@go.com,Female,152.213.214.254
818,Franklyn,Belasco,fbelascomp@techcrunch.com,Male,36.13.96.4
819,Joachim,Life,jlifemq@stanford.edu,Male,54.66.193.15
820,Fowler,Richichi,frichichimr@comcast.net,Male,20.65.245.20
821,Dayle,Huebner,dhuebnerms@bandcamp.com,Female,182.3.66.217
822,Susy,Jeram,sjerammt@ucoz.com,Female,22.21.38.139
823,Fianna,Cutteridge,fcutteridgemu@dot.gov,Female,166.105.80.73
824,Bay,Guyver,bguyvermv@unc.edu,Male,75.42.3.89
825,Mendel,Snibson,msnibsonmw@unesco.org,Male,250.96.44.138
826,Zerk,Masedon,zmasedonmx@amazonaws.com,Male,54.45.1.86
827,Charo,Balfre,cbalfremy@deliciousdays.com,Female,116.32.111.115
828,Aura,Pepperill,apepperillmz@123-reg.co.uk,Female,17.184.108.14
829,Bevin,Batrim,bbatrimn0@thetimes.co.uk,Male,194.101.139.110
830,Hortense,Rucklesse,hrucklessen1@wunderground.com,Female,56.54.41.30
831,Wren,Thursfield,wthursfieldn2@sina.com.cn,Female,123.120.49.68
832,Cecilius,Siddon,csiddonn3@4shared.com,Male,17.234.219.144
833,Tirrell,Renoden,trenodenn4@blogs.com,Male,248.67.205.100
834,Alexandra,Lenden,alendenn5@drupal.org,Female,249.166.111.94
835,Faber,Lusty,flustyn6@discuz.net,Male,123.224.10.195
836,Donetta,Kingcott,dkingcottn7@nationalgeographic.com,Female,174.40.199.101
837,Blake,Trippett,btrippettn8@bloglovin.com,Female,145.116.125.6
838,Aggie,Welton,aweltonn9@opera.com,Female,247.245.78.192
839,Kev,Spinola,kspinolana@cbslocal.com,Male,245.2.128.102
840,Bonnie,Marian,bmariannb@1und1.de,Female,37.6.144.100
841,Renado,Morcombe,rmorcombenc@huffingtonpost.com,Male,128.169.80.213
842,Othelia,Ellin,oellinnd@topsy.com,Female,237.3.251.160
843,Larina,Bourthouloume,lbourthouloumene@gmpg.org,Female,22.24.21.28
844,Suzann,Hallaways,shallawaysnf@epa.gov,Female,217.78.130.133
845,Terza,Guyver,tguyverng@soundcloud.com,Female,68.234.51.245
846,Gale,Muzzillo,gmuzzillonh@netscape.com,Female,58.71.189.167
847,Ailsun,Staggs,astaggsni@wikipedia.org,Female,5.17.95.120
848,Nedda,Larraway,nlarrawaynj@discuz.net,Female,139.18.11.239
849,Dav,Trobridge,dtrobridgenk@foxnews.com,Male,207.43.152.219
850,Gray,Hudless,ghudlessnl@theglobeandmail.com,Female,189.233.72.131
851,Guss,Hasted,ghastednm@ftc.gov,Male,240.163.67.81
852,Belva,Hallwood,bhallwoodnn@angelfire.com,Female,83.79.98.151
853,Pooh,Arlow,parlowno@theatlantic.com,Female,244.119.251.146
854,Felice,Coldicott,fcoldicottnp@wired.com,Male,18.176.31.159
855,Penelope,Towler,ptowlernq@fc2.com,Female,207.160.210.39
856,Giustina,Pride,gpridenr@bbb.org,Female,9.82.190.13
857,Tammi,Bullcock,tbullcockns@prweb.com,Female,126.163.68.124
858,Mac,Norsister,mnorsisternt@cnn.com,Male,148.231.112.180
859,Carma,Lamminam,clamminamnu@artisteer.com,Female,172.124.21.8
860,Pincas,Rolin,prolinnv@livejournal.com,Male,23.242.223.42
861,Diandra,Landall,dlandallnw@cmu.edu,Female,91.0.149.154
862,Mitchell,Dofty,mdoftynx@odnoklassniki.ru,Male,182.208.33.185
863,Myles,Thacker,mthackerny@senate.gov,Male,50.156.192.142
864,Rodge,Blessed,rblessednz@parallels.com,Male,18.39.24.90
865,Garey,Schoroder,gschorodero0@boston.com,Male,213.231.99.254
866,Bat,Wark,bwarko1@howstuffworks.com,Male,104.8.181.158
867,Patti,Collihole,pcolliholeo2@jimdo.com,Female,54.251.142.233
868,Consuela,Graeber,cgraebero3@prlog.org,Female,8.54.198.189
869,Bobby,Eldon,beldono4@thetimes.co.uk,Male,9.157.104.221
870,Thebault,Lenox,tlenoxo5@ycombinator.com,Male,162.160.95.98
871,Carmel,Catton,ccattono6@hhs.gov,Female,10.224.2.23
872,Ave,Couper,acoupero7@google.com,Male,121.109.185.140
873,Salem,Give,sgiveo8@wufoo.com,Male,12.26.82.195
874,Berthe,Hicken,bhickeno9@nyu.edu,Female,87.73.101.66
875,Roobbie,Pattlel,rpattleloa@sourceforge.net,Female,4.81.98.9
876,Allan,Twelvetree,atwelvetreeob@dell.com,Male,127.35.14.119
877,Crissy,Bettley,cbettleyoc@google.nl,Female,8.143.171.30
878,Jaquenetta,D'Alesco,jdalescood@wikispaces.com,Female,110.186.68.213
879,Dewain,Demonge,ddemongeoe@mayoclinic.com,Male,54.222.20.216
880,Iorgos,Stutard,istutardof@blinklist.com,Male,48.198.36.74
881,Kerrie,Toyer,ktoyerog@illinois.edu,Female,116.97.72.177
882,Elroy,Robson,erobsonoh@umich.edu,Male,210.224.25.60
883,Wilbur,Romney,wromneyoi@yale.edu,Male,208.138.124.17
884,Lesley,Clewley,lclewleyoj@zimbio.com,Female,128.136.62.7
885,Ginni,Vedenyakin,gvedenyakinok@github.com,Female,174.209.9.191
886,Atalanta,Wrench,awrenchol@wikipedia.org,Female,140.139.18.218
887,Fonzie,Sign,fsignom@mozilla.org,Male,198.191.243.58
888,Anne-corinne,Harmes,aharmeson@over-blog.com,Female,165.115.155.20
889,Eugenia,Shildrake,eshildrakeoo@ed.gov,Female,193.92.85.85
890,Jeannette,Full,jfullop@1688.com,Female,135.14.6.249
891,Philippa,McNern,pmcnernoq@baidu.com,Female,71.137.168.145
892,Ase,Cadd,acaddor@bandcamp.com,Male,47.216.241.243
893,Marris,Derill,mderillos@squarespace.com,Female,206.247.137.77
894,Claiborne,Kynder,ckynderot@woothemes.com,Male,53.31.58.68
895,Dun,Shelbourne,dshelbourneou@is.gd,Male,57.124.18.153
896,Roda,Vobes,rvobesov@pinterest.com,Female,90.101.194.45
897,Osbert,Bolmann,obolmannow@vkontakte.ru,Male,218.165.135.143
898,Vernor,McChruiter,vmcchruiterox@jimdo.com,Male,99.106.31.135
899,Zolly,Spence,zspenceoy@vk.com,Male,245.202.94.188
900,Ethelred,Clinch,eclinchoz@indiatimes.com,Male,245.72.188.93
901,Cointon,Arrigo,carrigop0@usgs.gov,Male,170.190.19.85
902,Herb,Dockrey,hdockreyp1@virginia.edu,Male,209.108.209.72
903,Portie,Gall,pgallp2@craigslist.org,Male,115.92.71.154
904,Iggie,Swatten,iswattenp3@nhs.uk,Male,25.197.174.219
905,Andreas,Hearne,ahearnep4@digg.com,Male,24.147.161.117
906,Vincent,Spellissy,vspellissyp5@answers.com,Male,47.11.28.141
907,Jaye,Sellick,jsellickp6@mediafire.com,Male,41.35.151.81
908,Mavis,Barfoot,mbarfootp7@technorati.com,Female,206.201.136.86
909,Wendall,Sillitoe,wsillitoep8@wikimedia.org,Male,182.7.194.247
910,Neala,Wapol,nwapolp9@addthis.com,Female,209.121.51.13
911,Morly,Lane,mlanepa@amazon.com,Male,213.219.139.149
912,Major,Guisler,mguislerpb@exblog.jp,Male,34.214.230.44
913,Elset,Jaggs,ejaggspc@wikipedia.org,Female,255.213.248.26
914,Brian,Emett,bemettpd@privacy.gov.au,Male,24.191.161.204
915,Linette,Golston,lgolstonpe@e-recht24.de,Female,62.132.131.172
916,Todd,O'Logan,tologanpf@homestead.com,Male,18.126.239.32
917,Sauncho,Burghill,sburghillpg@abc.net.au,Male,21.75.37.107
918,Gretta,Saterthwait,gsaterthwaitph@lulu.com,Female,185.27.145.184
919,Edward,Eckart,eeckartpi@sohu.com,Male,234.125.70.27
920,Gabrila,Tatem,gtatempj@theatlantic.com,Female,158.55.89.124
921,Callie,McHugh,cmchughpk@imgur.com,Female,221.127.110.121
922,Sol,Eagle,seaglepl@wiley.com,Male,189.47.243.151
923,Billie,Carlsson,bcarlssonpm@gizmodo.com,Male,205.253.150.255
924,Oliver,Esby,oesbypn@clickbank.net,Male,197.200.177.205
925,Sig,Ghiotto,sghiottopo@google.nl,Male,199.223.148.198
926,Bartholemy,Portugal,bportugalpp@creativecommons.org,Male,46.166.81.93
927,Ephrayim,Pike,epikepq@youtube.com,Male,16.76.132.4
928,Rafe,Laden,rladenpr@about.me,Male,88.136.245.99
929,Harwilll,Blazewski,hblazewskips@dailymail.co.uk,Male,178.229.7.212
930,Miller,Rustidge,mrustidgept@free.fr,Male,70.43.220.211
931,Annette,Jendrusch,ajendruschpu@usa.gov,Female,81.56.202.55
932,Rogerio,Coale,rcoalepv@about.me,Male,13.78.124.75
933,Ruggiero,Grundwater,rgrundwaterpw@vkontakte.ru,Male,239.196.217.232
934,Auberta,Mayger,amaygerpx@nbcnews.com,Female,170.159.239.242
935,Zorine,Dodamead,zdodameadpy@usatoday.com,Female,39.145.60.13
936,Syman,Trethewey,stretheweypz@loc.gov,Male,11.7.207.251
937,Gill,Tregian,gtregianq0@guardian.co.uk,Male,20.230.145.67
938,Tam,Logie,tlogieq1@time.com,Male,76.242.13.128
939,Hildagard,Stiger,hstigerq2@washington.edu,Female,122.164.13.117
940,Geoff,Talby,gtalbyq3@photobucket.com,Male,247.146.135.122
941,Barnabe,Zorzetti,bzorzettiq4@ft.com,Male,216.39.4.183
942,Samaria,Cutbirth,scutbirthq5@reuters.com,Female,5.227.158.134
943,Tiphanie,Grover,tgroverq6@forbes.com,Female,235.253.33.255
944,Carmela,Bilsland,cbilslandq7@ft.com,Female,75.59.132.43
945,Amalea,Bonus,abonusq8@umich.edu,Female,8.92.104.33
946,Conny,Hooke,chookeq9@java.com,Male,218.247.94.244
947,Maye,Taffley,mtaffleyqa@adobe.com,Female,186.16.247.154
948,Jaymie,Pugsley,jpugsleyqb@shop-pro.jp,Male,115.251.135.151
949,North,Forder,nforderqc@upenn.edu,Male,227.62.80.139
950,Mic,Caldaro,mcaldaroqd@zdnet.com,Male,241.107.66.214
951,Alexandros,Beals,abealsqe@unc.edu,Male,105.110.202.175
952,Helge,Fairy,hfairyqf@si.edu,Female,114.253.120.14
953,Shell,Leisman,sleismanqg@oracle.com,Male,161.185.213.31
954,Devora,Worge,dworgeqh@accuweather.com,Female,62.210.187.159
955,Nady,Balentyne,nbalentyneqi@go.com,Female,230.213.106.10
956,Darline,Shovelin,dshovelinqj@dropbox.com,Female,109.109.121.64
957,Delia,Constant,dconstantqk@cornell.edu,Female,37.105.197.233
958,Felizio,Duggon,fduggonql@furl.net,Male,99.241.1.95
959,Kendal,Bagby,kbagbyqm@imageshack.us,Male,13.169.44.188
960,Orella,Thomkins,othomkinsqn@uol.com.br,Female,109.182.122.162
961,Beatrisa,Murch,bmurchqo@360.cn,Female,7.201.26.125
962,Corette,Skidmore,cskidmoreqp@fc2.com,Female,44.133.211.16
963,Shelden,Courage,scourageqq@tumblr.com,Male,195.40.146.229
964,Alasteir,Volante,avolanteqr@huffingtonpost.com,Male,24.49.40.76
965,Jenine,Grassi,jgrassiqs@jigsy.com,Female,131.65.129.72
966,Renado,Swadlin,rswadlinqt@time.com,Male,52.69.248.101
967,Diann,Yarranton,dyarrantonqu@etsy.com,Female,245.200.152.91
968,Evangeline,Haylett,ehaylettqv@google.com.hk,Female,79.132.239.195
969,Felipa,Childs,fchildsqw@drupal.org,Female,39.66.45.95
970,Patty,Jedrzaszkiewicz,pjedrzaszkiewiczqx@histats.com,Female,236.119.10.176
971,Wait,Summerscales,wsummerscalesqy@examiner.com,Male,201.14.144.184
972,Gasper,Mc Meekin,gmcmeekinqz@addtoany.com,Male,89.110.193.181
973,Bent,Le Grand,blegrandr0@harvard.edu,Male,88.235.174.70
974,Biddy,Winslett,bwinslettr1@mozilla.com,Female,129.139.231.105
975,Efrem,Stivani,estivanir2@earthlink.net,Male,100.12.83.32
976,Alisha,Freeberne,afreeberner3@multiply.com,Female,7.140.124.91
977,Ansell,Kiff,akiffr4@java.com,Male,115.241.255.173
978,Laurice,Faunch,lfaunchr5@dagondesign.com,Female,5.250.10.129
979,Bald,Beahan,bbeahanr6@over-blog.com,Male,106.58.127.142
980,Pen,Paull,ppaullr7@vimeo.com,Male,253.209.247.119
981,Eyde,McLarens,emclarensr8@berkeley.edu,Female,6.233.228.163
982,Dari,Blackmore,dblackmorer9@goodreads.com,Female,131.173.204.166
983,Udall,Jerrome,ujerromera@fda.gov,Male,113.170.200.32
984,Lauree,Aymerich,laymerichrb@meetup.com,Female,73.180.131.36
985,Grace,Hitcham,ghitchamrc@jigsy.com,Male,67.98.113.4
986,Nani,Meedendorpe,nmeedendorperd@dailymotion.com,Female,24.199.251.142
987,Felicdad,Champneys,fchampneysre@liveinternet.ru,Female,53.40.180.159
988,Gabe,Pane,gpanerf@gov.uk,Male,113.251.36.23
989,Christoper,Jerrolt,cjerroltrg@indiegogo.com,Male,7.235.226.39
990,Paquito,Fibben,pfibbenrh@amazon.de,Male,154.33.250.85
991,Stephani,Ferran,sferranri@facebook.com,Female,24.72.138.130
992,Phineas,Enriques,penriquesrj@icio.us,Male,118.248.40.252
993,Whit,Roarty,wroartyrk@moonfruit.com,Male,42.36.159.142
994,Paolo,Mullins,pmullinsrl@exblog.jp,Male,121.228.75.191
995,Gweneth,Blunderfield,gblunderfieldrm@nydailynews.com,Female,207.159.133.29
996,Ashlin,Waite,awaitern@bluehost.com,Male,157.125.153.129
997,Aridatha,Charman,acharmanro@multiply.com,Female,163.210.13.105
998,Heidi,Tolson,htolsonrp@canalblog.com,Female,20.174.112.58
999,Frances,Dunn,fdunnrq@oracle.com,Female,209.61.187.67
1000,Candis,Childs,cchildsrr@cmu.edu,Female,57.124.140.213
